date,category,source,title,url,summary,image_count,attachment_count
2026-09-28,人才培养,研究生院·招生工作,大连海洋大学2027年全国硕士研究生招生专业目录及参考书目,http://master.dlou.edu.cn/2026/0928/c9037a208782/page.htm,大连海洋大学2027年全国硕士研究生招生专业目录及参考书目 1. 大连海洋大学2027年全国硕士研究生招生专业目录.pdf 2. 大连海洋大学2027年全国硕士研究生招生初试自命题科目参考书目.pdf 3. 大连海洋大学2027年全国硕士…,0,4
2026-09-28,教学单位,水产与生命学院·公告,关于水产与生命学院6个单细胞测序技术服务的成交公告,https://life.dlou.edu.cn/2026/0928/c908a208773/page.htm,关于水产与生命学院6个单细胞测序技术服务的成交公告 现发布大连海洋大学水产与生命学院6个单细胞测序技术服务的成交公告。 一、项目基本情况 采购项目名称：6个单细胞测序技术服务。 二、成交信息 1. 供应商名称：南京通元医学检验实验室有限公…,1,0
2026-09-28,教学单位,海洋科技与环境学院·公告,关于大连海洋大学海洋地质学实验室建设改造项目成交公告,https://hhxy.dlou.edu.cn/2026/0928/c8667a208780/page.htm,关于大连海洋大学海洋地质学实验室建设改造项目成交公告 大连海洋大学海洋科技与环境学院根据实验室建设需要，组织开展了大连海洋大学海洋地质学实验室建设和改造项目小额分散采购，目前已完成评审，现将成交结果公示如下： 一、项目基本情况 项目名称：…,0,0
2026-09-28,校园文化,团委·通知公告,大连海洋大学2025-2026年度星级社团评选结果公示,https://tw.dlou.edu.cn/2026/0928/c9729a208772/page.htm,大连海洋大学2025-2026年度星级社团评选结果公示 各社团： 根据《大连海洋大学星级社团评选标准（试行）》（大海大党发〔2026〕6号）、《大连海洋大学学生社团建设管理办法》（大海大党发〔2024〕96号）及《大连海洋大学学生社团建设…,0,1
2026-09-27,学校要闻,学校要闻,我校教师提出的研究问题入选食品制造领域十大热点科技问题,http://news.dlou.edu.cn/2026/0927/c1281a208763/page.htm,我校教师提出的研究问题入选食品制造领域十大热点科技问题 近日，2026年度“农产品加工与食品制造国际学术研讨会”在长沙召开。本次大会由多位院士发起，汇聚12位中外院士及百余位行业顶尖专家学者，是国内农产品加工与食品制造领域的顶级学术盛会。…,2,0
2026-09-27,学校要闻,综合新闻,我校成功举办第十五届辽宁省高校思想政治理论课教学大赛复赛,http://news.dlou.edu.cn/2026/0927/c7118a208762/page.htm,我校成功举办第十五届辽宁省高校思想政治理论课教学大赛复赛 9月18日至20日，由辽宁省教育厅主办，大连海洋大学承办的第十五届辽宁省高校思想政治理论课教学大赛“形势与政策”课程复赛在我校中水图书馆顺利举办，省内多所高校思政课教师现场观摩学习…,0,0
2026-09-27,教学单位,经济管理学院,蓝海逐梦，经管争先——经济管理学院在校第四十二届运动会中绽放青春力量,https://jjgl.dlou.edu.cn/2026/0927/c2128a208769/page.htm,蓝海逐梦，经管争先——经济管理学院在校第四十二届运动会中绽放青春力量 秋意正浓，赛场逐光。9月23日至24日，大连海洋大学第四十二届田径运动会在黑石礁校区运动场盛大启幕。在为期两天的赛事中，经济管理学院全体运动健儿奋勇驰骋、全力以赴，师生…,34,0
2026-09-26,教学单位,水产与生命学院,我院在校第四十二届田径运动会中再创佳绩,https://life.dlou.edu.cn/2026/0926/c907a208754/page.htm,我院在校第四十二届田径运动会中再创佳绩 秋高气爽，彩旗飘扬，金秋的校园被运动的号角唤醒。9月23日至24日，大连海洋大学第四十二届田径运动会在黑石礁校区体育场隆重举行。全院师生以饱满的热情投身这场体育盛会，用速度与力量、汗水与欢笑，共同谱…,12,0
2026-09-26,教学单位,食品科学与工程学院,驰骋赛场展风采，文明竞技续华章——我院在学校第四十二届田径运动会斩获佳绩,https://food.dlou.edu.cn/2026/0926/c1680a208757/page.htm,驰骋赛场展风采，文明竞技续华章——我院在学校第四十二届田径运动会斩获佳绩 金秋送爽，丹桂飘香。我院积极组织师生参与学校第四十二届田径运动会。我院运动健儿奋勇拼搏、驰骋赛场，全院学子到场助威。赛场之上，处处洋溢着食品学子昂扬向上的青春热情。…,2,0
2026-09-26,教学单位,海洋法律与人文学院,驰骋赛场展锐气，白鸽载梦竞芳华——我院在第四十二届校运会上取得佳绩,https://fxy.dlou.edu.cn/2026/0926/c8482a208752/page.htm,驰骋赛场展锐气，白鸽载梦竞芳华——我院在第四十二届校运会上取得佳绩 金风漫卷，秋意盎然。9月23日至24日，我校第四十二届田径运动会在黑石礁校区运动场举行。我院师生精神饱满、团结奋进，在赛事中奋勇拼搏、尽显风采。 开幕式上，我院方阵迈着整…,19,0
2026-09-25,教学单位,应用技术学院,驰骋赛场展英姿 奋勇拼搏创佳绩——我院在校第42届田径运动会中再获多项荣誉,https://gzy.dlou.edu.cn/2026/0925/c6459a208749/page.htm,驰骋赛场展英姿 奋勇拼搏创佳绩——我院在校第42届田径运动会中再获多项荣誉 金秋送爽，逐梦赛场。9月23日至24日，学校第42届田径运动会在黑石礁校区运动场隆重举行。我院精心组织、积极备战，选派近80名师生运动员组成代表队参赛。全体健儿凝…,23,0
2026-09-24,学校要闻,图片新闻,清秋万里旌旗展，飒爽英姿勇争先——我校举行第四十二届田径运动会,http://news.dlou.edu.cn/2026/0924/c5059a208737/page.htm,清秋万里旌旗展，飒爽英姿勇争先——我校举行第四十二届田径运动会 金秋送爽，碧海蓝天。9月23日至24日，我校第四十二届田径运动会在黑石礁校区运动场举行。校领导王伟辰、杜明、迟磊、刘文合、郭新、王明宇出席大会。开幕式由副校长刘文合主持。 伴…,28,0
2026-09-24,教学单位,信息工程学院,我院师生受邀做客大连都市广播 共话水下机器人技术创新与产业应用,https://xxgc.dlou.edu.cn/2026/0924/c3965a208703/page.htm,我院师生受邀做客大连都市广播 共话水下机器人技术创新与产业应用 9月21日，信息工程学院副院长林远山与研究生马俊东、张永坤、郑勃受邀做客大连都市之声FM99.1都市人物访谈《我们在大连》节目，围绕水下机器人技术及智慧渔业应用进行科普交流。…,2,0
2026-09-22,人才培养,招生就业处·通知公告,关于大连海洋大学2027届毕业生秋季招聘会布展服务采购结果公示,https://zsjy.dlou.edu.cn/2026/0922/c9777a208660/page.htm,关于大连海洋大学2027届毕业生秋季招聘会布展服务采购结果公示 一、采购项目名称：大连海洋大学2027届毕业生秋季招聘会布展服务采购 二、成交信息： 供应商信息：大连市沙河口区五洲印刷厂 供应商地址：大连市沙河口区黑石礁街183号 成交金…,0,0
2026-09-22,教学单位,海洋与土木工程学院,海洋与土木工程学院党委召开2026年第九次理论学习中心组学习会议,https://tmgc.dlou.edu.cn/2026/0922/c3822a208643/page.htm,海洋与土木工程学院党委召开2026年第九次理论学习中心组学习会议 9月21日，学院党委在学院党员活动室（N513）召开2026年第九次理论学习中心组学习会议。学院党委理论学习中心组成员参加会议，会议由学院党委书记纪元东主持。 会上，中心组…,1,0
2026-09-22,教学单位,航海与船舶工程学院,航海与船舶工程学院成功举办2027届毕业生就业双选会,https://sea.dlou.edu.cn/2026/0922/c1533a208672/page.htm,航海与船舶工程学院成功举办2027届毕业生就业双选会 为扎实推进2027届毕业生就业工作，9月21日，航海与船舶工程学院在黑石礁校区举办2027届毕业生就业双选会。校党委副书记迟磊莅临现场指导工作。招生就业处、相关学院负责人及2027届毕…,4,0
2026-09-18,人才培养,研究生院·新闻动态,我校获批增设食品与营养硕士专业学位授予点,http://master.dlou.edu.cn/2026/0918/c5445a208484/page.htm,我校获批增设食品与营养硕士专业学位授予点 近日，国务院学位委员会印发《关于下达2026年度动态调整撤销和增设学位授予点名单的通知》（学位〔2026〕16号），我校获批食品与营养硕士专业学位授予点，标志着我校学科建设与研究生教育发展取得新成…,0,0
2026-09-18,人才培养,招生就业处·新闻动态,2026年辽宁省公共就业服务进校园活动走进我校,https://zsjy.dlou.edu.cn/2026/0918/c9776a208514/page.htm,2026年辽宁省公共就业服务进校园活动走进我校 9月10日，2026年辽宁省公共就业服务进校园活动在我校图书馆报告厅顺利举办。校党委副书记迟磊会见了辽宁省大学生就业创业中心副主任刘思佳一行，并对辽宁省大学生就业创业中心长期以来对我校就业工…,3,0
2026-09-18,教学单位,外国语与国际教育学院,我校学生在第八届“儒易杯”中华文化国际翻译大赛中获得佳绩,https://wgy.dlou.edu.cn/2026/0918/c7300a208493/page.htm,我校学生在第八届“儒易杯”中华文化国际翻译大赛中获得佳绩 2026年9月16日，第八届“儒易杯”中华文化国际翻译大赛结果公布，我校外国语与国际教育学院学子在比赛中表现优异，共有7名学生在笔译赛道获奖，其中二等奖1项、三等奖2项、优秀奖4项…,3,0
2026-09-17,教学单位,海洋科技与环境学院,学院领导深入教学一线巡课听课,https://hhxy.dlou.edu.cn/2026/0917/c8738a208463/page.htm,学院领导深入教学一线巡课听课 为全面了解新学期教学运行情况，确保教学工作平稳有序开展，9月8日上午，学院领导班子深入教学一线，开展学期初教学秩序检查与课堂听课工作。 班子成员分组走访了我院教师的课堂，重点检查教师到岗、学生出勤、课堂秩序、…,1,0
2026-09-17,教学单位,机械与动力工程学院,机械与动力工程学院开展实验室安全检查工作,https://jixie.dlou.edu.cn/2026/0917/c4323a208471/page.htm,机械与动力工程学院开展实验室安全检查工作 资讯来源：机械与动力工程学院 根据辽宁省2026高校实验室安全现场调研工作要求，学院9月16日开展实验室安全自查，院党委书记张力带队，主管实验室副院长张寒冰，实验室主任、实验室副主任参加安全检查。…,2,0
2026-09-16,教学单位,中新合作学院,明晰专业方向，启航崭新征程—— 中新合作学院召开2026级新生教师见面会,https://zwhzbx.dlou.edu.cn/2026/0916/c4643a208446/page.htm,明晰专业方向，启航崭新征程—— 中新合作学院召开2026级新生教师见面会 9月11日，中新合作学院组织召开2026级新生教师见面会，帮助2026级新生快速认识所学专业，明晰大学学习目标。机械与动力工程学院专业教师武立波、蔡卫国、贾华、慕光…,3,0
2026-09-15,教学单位,马克思主义学院,马克思主义学院党总支召开2026年第八次理论学习中心组专题学习（扩大）会议,https://mks.dlou.edu.cn/2026/0915/c5675a208411/page.htm,马克思主义学院党总支召开2026年第八次理论学习中心组专题学习（扩大）会议 9月9日，马克思主义学院党总支在学院会议室组织召开2026年第八次学院党总支理论学习中心组专题学习（扩大）会议。重点学习《习近平党建文选》《习近平关于基层工作方法…,1,0
2026-09-14,教学单位,创新创业学院,我校学生在第十六届全国大学生电子商务“创新、创意及创业”挑战赛乡村振兴实战赛全国总决赛中斩获佳绩,https://cxcy.dlou.edu.cn/2026/0914/c5768a208377/page.htm,我校学生在第十六届全国大学生电子商务“创新、创意及创业”挑战赛乡村振兴实战赛全国总决赛中斩获佳绩 近日，第十六届全国大学生电子商务“创新、创意及创业”挑战赛乡村振兴实战赛全国总决赛圆满落幕。我校海洋法律与人文学院芦云鹏老师指导的“乡村振兴…,2,0
2026-09-11,职能部门,人事处·人才招聘,大连海洋大学2026年公开招聘高层次人才拟聘人员公示（第二次）,https://rsc.dlou.edu.cn/2026/0911/c8821a208316/page.htm,大连海洋大学2026年公开招聘高层次人才拟聘人员公示（第二次） 根据《大连海洋大学2026年公开招聘高层次人才公告》，经报名、资格审核、考核、体检、考察合格，确定张奇等10名同志为拟聘人员。现将拟聘人员信息公示如下，公示时间为5个工作日。…,1,1
2026-09-09,人才培养,研究生院·培养工作,关于开展2026级研究生与导师双向选择工作的通知,http://master.dlou.edu.cn/2026/0909/c9038a208210/page.htm,关于开展2026级研究生与导师双向选择工作的通知 各研究生培养单位： 为科学统筹和合理配置研究生教育资源，加强导师对研究生的指导，切实提高研究生培养质量，现开展2026年度研究生与导师的双向选择工作（以下简称“师生双选”工作），具体工作的…,0,1
2026-07-16,学校要闻,媒体报道,大连日报、大连云等媒体平台报道我校退伍学子参加辽宁省第十五届运动会国防体育赛事,http://news.dlou.edu.cn/2026/0716/c1283a207614/page.htm,大连日报、大连云等媒体平台报道我校退伍学子参加辽宁省第十五届运动会国防体育赛事 近日，大连日报、大连云等媒体平台对我校退伍学子参加辽宁省第十五届运动会国防体育赛事进行了专题报道。 下一步，学校武装部将持续推进国防教育建设，做实退役大学生培…,2,0
2026-07-15,人才培养,继续教育,校第七轮巡察第一巡察组向继续教育学院党支部反馈巡察情况,http://jxjyxy.dlou.edu.cn/2026/0715/c3669a207584/page.htm,学校首页 网站首页 学院概况 学院简介 现任领导 机构设置 学院风采 党建工作 党建动态 理论学习 规章制度 国家规章制度 学院规章制度 成人学历教育 招生学籍管理 教务教学管理 教育培训 学习平台 下载中心 办公室 招生学籍管理 教务教…,1,0
2026-07-04,校园文化,团委·校园文化,我校团委荣获“全国五四红旗团委”称号,https://tw.dlou.edu.cn/2026/0704/c9692a207348/page.htm,我校团委荣获“全国五四红旗团委”称号 近日，共青团中央印发《关于表彰全国五四红旗团委（团支部）、全国优秀共青团员、全国优秀共青团干部的决定》，我校团委凭借扎实的组织建设、鲜明的育人成效和突出的工作实绩，获评“全国五四红旗团委”。该荣誉是共…,0,0
2026-07-04,校园文化,团委·学院风采,世界海洋日系列活动——执笔画蔚蓝 墙绘焕新颜,https://tw.dlou.edu.cn/2026/0704/c9693a207349/page.htm,世界海洋日系列活动——执笔画蔚蓝 墙绘焕新颜 恰逢6月世界海洋日主题宣传契机，海洋法律与人文学院依托课堂实践平台，将海洋美育融入专业实践，视觉传达设计专业2023级1班辛世琦、艾盈佳等30名同学，在张仕春老师带领下，为大黑石校区一站式学生…,4,0
2026-07-03,学校要闻,校园喜报,我校团委荣获共青团中央“全国五四红旗团委”称号,http://news.dlou.edu.cn/2026/0703/c5057a207344/page.htm,我校团委荣获共青团中央“全国五四红旗团委”称号 近日，共青团中央印发《关于表彰全国五四红旗团委（团支部）、全国优秀共青团员、全国优秀共青团干部的决定》，我校团委凭借扎实的组织建设、鲜明的育人成效和突出的工作实绩，获评“全国五四红旗团委”。…,0,0
2026-06-26,人才培养,研究生院·通知公告,大连海洋大学2026级研究生新生报到须知,http://master.dlou.edu.cn/2026/0626/c5444a207099/page.htm,大连海洋大学2026级研究生新生报到须知 亲爱的2026级研究生新同学： 大家好！ 欢迎你成为“大海大学子”。现将2026年研究生新生报到工作通知如下。 一、时间地点 （一）报到时间 2026年9月5日（星期六）06：30-23：00（如…,3,1
2026-06-24,学术科研,学术海大,转发中国水产学会关于召开海洋牧场专业委员会2026年学术年会的通知,https://www.dlou.edu.cn/2026/0624/c190a207001/page.htm,转发中国水产学会关于召开海洋牧场专业委员会2026年学术年会的通知 时间：2026-06-24 各位老师： 中国水产学会定于2026 年 7 月 29-31 日在广西壮族自治区召开中国水产学会海洋牧场专业委员会 2026 年学术年会。请有…,0,1
2026-05-29,校园文化,团委·社团风采,大连海洋大学斑海豹保护社团科普课堂走进大连市西岗区福里小学,https://tw.dlou.edu.cn/2026/0529/c9694a206250/page.htm,大连海洋大学斑海豹保护社团科普课堂走进大连市西岗区福里小学 为普及海洋生态保护知识，弘扬珍稀海洋野生动物保护理念，培育青少年海洋生态保护意识，5月21日，大连海洋大学斑海豹保护社团受邀参与由大连斑海豹国家级自然保护区管理局联合西岗区科学技…,3,0
2026-05-15,人才培养,教务处·新闻动态,渤海船舶职业学院党委书记逯化生、校长何满辉一行到我校调研交流,https://news.dlou.edu.cn/2026/0515/c1281a205681/page.htm,渤海船舶职业学院党委书记逯化生、校长何满辉一行到我校调研交流 5月13日，渤海船舶职业学院党委书记逯化生、校长何满辉一行到我校调研。我校党委书记王伟辰、纪委书记郭新会见了逯化生、何满辉一行，并在行政楼五楼会议室组织召开座谈会。 王伟辰对逯…,2,0
2026-03-14,学校要闻,校园快讯,经济管理学院举办2026年春季学期“开学第一课”反诈专题宣讲活动,http://news.dlou.edu.cn/2026/0314/c1288a203673/page.htm,经济管理学院举办2026年春季学期“开学第一课”反诈专题宣讲活动 3月11日，经济管理学院在大黑石校区阶二教室举办2026年春季学期“开学第一课”反诈专题宣讲活动。活动特邀大连市反诈中心民警孙瑜，以“反诈‘副本’大作战”为主题作反诈专题宣…,1,0
2026-03-13,通知公告,下载专区,大连海洋大学报告会、研讨会、论坛、讲座等活动管理办法,http://news.dlou.edu.cn/2026/0313/c7654a203503/page.htm,中共大连海洋大学委员会宣传部主办 学校首页 本站首页 学校要闻 综合新闻 校园快讯 媒体报道 校园喜报 下载专区 下载专区 通知公告,0,0
2026-02-03,教学单位,信息工程学院·公告,院长信箱,https://xxgc.dlou.edu.cn/2026/0203/c9676a202443/page.htm,院长信箱 院长信箱：xxyz@dlou.edu.cn,0,0
2025-09-24,学术科研,科技处·校园快讯,我校科技成果亮相第二届中国（大连）国际海洋商贸博览会,http://kjc.dlou.edu.cn/2025/0924/c6107a197225/page.htm,我校科技成果亮相第二届中国（大连）国际海洋商贸博览会 9月19日，第二届中国（大连）国际海洋商贸博览会在大连世界博览广场开幕，校党委副书记李智军应邀出席开幕式及相关论坛与研讨会。 展会上，水产与生命学院、海洋科技与环境学院、食品科学与工程…,3,0
2025-09-12,学术科研,科技处·通知公告,关于科研经费报销的说明,http://kjc.dlou.edu.cn/2025/0912/c6100a196505/page.htm,关于科研经费报销的说明 为进一步提高我校科研人员的积极性，增强科研人员获得感，缩减审批环节，简化报销流程，依据《大连海洋大学科研经费管理办法》（大海大校发〔2025〕122号），现对我校科研项目经费的使用支出报销做以下说明： 1.科研经费…,0,0
2025-05-13,人才培养,研究生院·就业工作,辽宁省生态环境厅直属事业单位赴高校现场公开招聘工作人员面试考核的公告,https://master.dlou.edu.cn/2025/0513/c9068a191339/page.htm,辽宁省生态环境厅直属事业单位赴高校现场公开招聘工作人员面试考核的公告 按照《辽宁省生态环境厅直属事业单位赴高校现场公开招聘工作人员公告》要求，根据报名情况和高校预约情况，现将面试考核的具体时间和地点公告如下： （一）北京化工大学考点 参加…,0,0
2025-04-11,学术科研,科技处·成果发布,2025年《国际期刊预警名单》,http://kjc.dlou.edu.cn/2025/0411/c6110a189252/page.htm,2025年《国际期刊预警名单》 地址：辽宁省大连市沙河口区黑石礁街52号 E-mail：kyc.dlou.edu.cn,1,0
2023-03-22,学术科研,科技处·科技要闻,《社会力量设立科学技术奖管理办法》政策解读问答,http://kjc.dlou.edu.cn/2023/0322/c6108a148431/page.htm,《社会力量设立科学技术奖管理办法》政策解读问答 近日，科技部印发《社会力量设立科学技术奖管理办法》（国科发奖〔2023〕11号）（以下简称《办法》），加强对社会力量设立科学技术奖（以下简称社会科技奖）有关活动的指导服务和监督管理。科技部有…,0,0
,人才培养,就业信息网,深蓝逐浪 重任相邀,https://dlou.jysd.com/news/view/aid/747206/tag/tzgg,· 主页 · 学生 · 就业信息 · 单位 · 发布信息 · 教师 · 常用链接 · 就业信息 · 招聘公告 · 就业服务 · 就业调查 · 办事大厅 · 生源信息核对 · · 深蓝逐浪 重任相邀 | 中远海运重工2027届校园招聘正式启…,1,0
